rsID	CHROM	POS	REF	ALT	GENE	EFFECT	AIBST_AF	KNL	KNK	KNM	KNP	NGI	NGH	NGY	TZA	TZB	SAV	ZWD	ZWS	MAX_FST	MAX_FST_PAIR
rs11811700	chr1	46811212	T	G	CYP4B1	upstream_gene_variant	0.208661	0.5	0.0909091	0.5	0.375	0.1	0.5	0.166667	0.272727	0.1	0.236842	0.119048	0.175	0.343297	KNK_KNM
rs45468297	chr1	46816954	G	A	CYP4B1	upstream_gene_variant	0.190476	0.5	0.0909091	0.333333	0.375	0.1	0.5	0.125	0.227273	0.1	0.210526	0.119048	0.157895	0.328554	KNK_NGH
rs4314923	chr1	47105647	G	A	CYP4Z1	intron_variant	0.0693069	0.416667	0.0625	0.0	0.0	0.125	0.0	0.05	0.0555556	0.0	0.0	0.0789474	0.0769231	0.555791	KNL_SAV
rs11211457	chr1	47117053	G	A	CYP4Z1	intron_variant	0.252632	0.666667	0.1875	0.166667	0.25	0.25	0.25	0.25	0.333333	0.125	0.15625	0.3	0.318182	0.427111	KNL_TZB
rs72684327	chr1	47148813	A	G	CYP4A22	3_prime_UTR_variant	0.248031	0.5	0.181818	0.0	0.375	0.1	0.25	0.0833333	0.318182	0.2	0.289474	0.357143	0.15	.	.
rs3176979	chr1	47149246	G	C	CYP4A22	3_prime_UTR_variant	0.198113	0.416667	0.0625	0.0	0.333333	0.0	0.5	0.0833333	0.277778	0.166667	0.1875	0.368421	0.0882353	.	.
rs10305672	chr1	150853154	G	A	ARNT	splice_donor_variant&intron_variant	0.229839	0.5	0.0	0.333333	0.5	0.2	0.0	0.291667	0.0909091	0.2	0.388889	0.0952381	0.236842	0.603356	KNK_KNP
rs10918234	chr1	165659415	A	G	ALDH9A1	downstream_gene_variant	0.259494	0.666667	0.166667	0.0	0.5	0.166667	0.25	0.375	0.15	0.3	0.375	0.15625	0.111111	0.485189	KNL_ZWS
rs2740171	chr1	225837827	A	C	RP11-285F7.2	downstream_gene_variant	0.157609	0.5	0.0	0.0	0.25	0.125	0.25	0.181818	0.333333	0.0714286	0.0909091	0.0714286	0.166667	0.486631	KNK_KNL
rs6426090	chr1	225864938	T	C	TMEM63A	intron_variant	0.168421	0.5	0.0	0.0	0.333333	0.2	0.25	0.125	0.25	0.1875	0.208333	0.0588235	0.133333	.	.
rs59688725	chr10	99832402	C	T	ABCC2	intron_variant	0.14	0.4375	0.3	0.25	0.125	0.0	0.5	0.0	0.1875	0.0	0.0666667	0.0294118	0.176471	0.833333	NGH_NGY
rs475043	chr11	34472254	C	T	CAT	downstream_gene_variant	0.583333	0.833333	0.375	0.25	0.5	0.666667	0.5	0.722222	0.357143	0.642857	0.538462	0.625	0.625	.	.
rs631157	chr11	63409330	A	C	SLC22A9	intron_variant	0.446429	0.833333	0.5	0.0	0.75	0.25	0.5	0.6	0.285714	0.214286	0.375	0.541667	0.357143	0.690667	KNL_KNM
rs7111197	chr11	66364653	T	C	RP11-867G23.8	downstream_gene_variant	0.429487	0.875	0.4	1.0	0.666667	0.0	0.0	0.35	0.571429	0.333333	0.227273	0.4	0.454545	0.522488	KNM_SAV
rs4149207	chr12	16364557	C	T	MGST1	downstream_gene_variant	0.243802	0.666667	0.25	0.333333	0.5	0.0	0.5	0.136364	0.272727	0.15	0.222222	0.15	0.210526	0.550819	KNL_NGI
rs1766900	chr13	95303348	A	G	ABCC4	upstream_gene_variant	0.132911	0.4	0.142857	0.166667	0.25	0.0	0.5	0.333333	0.0	0.1	0.227273	0.0555556	0.0	.	.
rs8003565	chr14	22814159	C	T	SLC7A7	downstream_gene_variant	0.181818	0.5	0.25	0.5	0.25	0.0	0.0	0.15	0.111111	0.214286	0.214286	0.138889	0.181818	0.714286	KNM_NGI
rs2277602	chr15	74330116	A	C	CCDC33	intron_variant	0.285714	0.5625	0.277778	0.25	0.25	0.3	0.5	0.318182	0.3125	0.5	0.166667	0.289474	0.157895	.	.
rs2277605	chr15	74330931	G	A	CCDC33	intron_variant	0.268	0.555556	0.272727	0.333333	0.375	0.3	0.0	0.25	0.2	0.45	0.138889	0.309524	0.15	.	.
rs2279356	chr15	74334881	G	T	CYP11A1	downstream_gene_variant	0.258065	0.555556	0.2	0.25	0.25	0.3	0.0	0.291667	0.2	0.45	0.105263	0.333333	0.15	.	.
rs60816774	chr16	69748482	G	A	NOB1	downstream_gene_variant	0.224576	0.642857	0.227273	0.333333	0.125	0.333333	0.0	0.227273	0.277778	0.15	0.166667	0.225	0.15	.	.
rs205094	chr17	19780251	A	T	ULK2	downstream_gene_variant	0.539326	0.857143	0.5	0.166667	0.0	0.75	0.0	0.4	0.45	0.25	0.5	0.7	0.653846	.	.
rs34603377	chr17	43201451	A	G	NBR1	intron_variant	0.743363	0.888889	0.75	1.0	0.875	1.0	0.75	0.8	0.85	0.35	0.966667	0.45	0.815789	.	.
rs2015944	chr18	661756	T	C	TYMSOS	upstream_gene_variant	0.290698	0.6	0.285714	0.166667	0.25	0.125	0.0	0.142857	0.125	0.35	0.363636	0.25	0.392857	0.409091	KNL_NGH
rs2847600	chr18	694703	T	C	ENOSF1	upstream_gene_variant	0.129808	0.428571	0.15	0.166667	0.125	0.0	0.0	0.0555556	0.1	0.111111	0.0625	0.205882	0.0769231	.	.
rs2072604	chr19	15641213	G	A	CYP4F3	upstream_gene_variant	0.138655	0.5	0.0909091	0.5	0.125	0.0	0.25	0.0833333	0.1	0.05	0.0882353	0.15	0.0882353	0.538462	KNM_NGI
rs1290618	chr19	15641327	C	T	CYP4F3	5_prime_UTR_premature_start_codon_gain_variant	0.154762	0.5	0.136364	0.5	0.25	0.1	0.25	0.0833333	0.05	0.0	0.157895	0.142857	0.125	0.684211	KNM_TZB
rs2733750	chr19	15652767	A	C	CYP4F3	downstream_gene_variant	0.169291	0.5	0.136364	0.5	0.25	0.1	0.25	0.0833333	0.136364	0.05	0.157895	0.166667	0.125	0.498560	KNM_TZB
rs1805041	chr19	15652881	G	A	CYP4F3	synonymous_variant	0.169291	0.5	0.136364	0.5	0.25	0.1	0.25	0.0833333	0.136364	0.05	0.157895	0.166667	0.125	0.498560	KNM_TZB
rs2683039	chr19	15652988	G	C	CYP4F3	downstream_gene_variant	0.169291	0.5	0.136364	0.5	0.25	0.1	0.25	0.0833333	0.136364	0.05	0.157895	0.166667	0.125	0.498560	KNM_TZB
rs2683040	chr19	15653119	C	G	CYP4F3	downstream_gene_variant	0.144068	0.444444	0.0909091	0.666667	0.25	0.1	0.25	0.0833333	0.0	0.05	0.0882353	0.15	0.117647	0.773106	KNM_TZA
rs2683044	chr19	15653320	C	T	CYP4F3	downstream_gene_variant	0.196809	0.5	0.25	0.333333	0.0	0.0	0.5	0.0909091	0.0	0.166667	0.166667	0.392857	0.1	0.733333	NGH_TZA
rs8111286	chr19	15682978	G	C	CYP4F12	downstream_gene_variant	0.145	0.611111	0.111111	0.0	0.25	0.1	0.0	0.111111	0.125	0.0625	0.0333333	0.0588235	0.2	0.574448	KNL_SAV
rs7251020	chr19	17518930	C	T	FAM129C	upstream_gene_variant	0.153061	0.583333	0.15	0.0	0.166667	0.125	0.0	0.0	0.125	0.1875	0.166667	0.0666667	0.2	.	.
rs11665761	chr19	38444995	G	A	RYR1	intron_variant	0.197802	0.5	0.25	0.0	0.0	0.25	0.5	0.388889	0.3125	0.285714	0.115385	0.0882353	0.0714286	0.666667	KNP_NGH
rs7252208	chr19	38458774	A	G	RYR1	intron_variant	0.125	0.4	0.0	0.0	0.125	0.25	0.25	0.25	0.111111	0.0	0.0666667	0.0588235	0.21875	0.405568	KNK_KNL
rs11879790	chr19	41026374	A	G	CYP2A7P1	intron_variant	0.293269	0.583333	0.4	0.75	0.5	0.25	0.25	0.166667	0.35	0.277778	0.285714	0.25	0.147059	.	.
rs10426482	chr19	41027104	T	C	CYP2A7P1	non_coding_transcript_exon_variant	0.268817	0.583333	0.214286	1.0	0.5	0.375	0.5	0.222222	0.1875	0.125	0.269231	0.25	0.1875	.	.
rs11083905	chr19	47879259	C	T	SULT2A1	intron_variant	0.11811	0.444444	0.0454545	0.333333	0.25	0.5	0.5	0.0	0.0454545	0.0	0.131579	0.0	0.1	0.851852	NGH_ZWD
rs9304669	chr19	47881128	T	C	SULT2A1	intron_variant	0.142045	0.5	0.0555556	0.0	0.0	0.0	0.0	0.2	0.125	0.1875	0.0666667	0.235294	0.0769231	0.432010	KNL_SAV
rs4149449	chr19	47881702	C	T	SULT2A1	intron_variant	0.12844	0.5	0.0555556	0.0	0.375	0.0	0.25	0.0	0.0555556	0.111111	0.184211	0.0625	0.0833333	0.530381	KNL_NGY
rs2910392	chr19	47888030	C	T	SULT2A1	upstream_gene_variant	0.230337	0.6	0.333333	0.0	0.166667	0.25	0.0	0.0	0.25	0.333333	0.0714286	0.416667	0.133333	.	.
rs2972623	chr19	47888035	G	A	SULT2A1	upstream_gene_variant	0.259494	0.6	0.388889	0.0	0.333333	0.333333	0.0	0.0	0.214286	0.285714	0.166667	0.409091	0.153846	.	.
rs7508610	chr19	47888319	A	G	SULT2A1	upstream_gene_variant	0.43	0.833333	0.375	0.0	0.5	0.625	0.25	0.3125	0.214286	0.3	0.444444	0.588235	0.392857	.	.
rs6733506	chr2	203281426	C	G	CYP20A1	downstream_gene_variant	0.214286	0.666667	1.0	0.0	0.75	0.0	0.0	0.142857	0.1875	0.142857	0.192308	0.166667	0.115385	1.000000	KNK_KNM
rs3746570	chr20	44337223	C	T	R3HDML	synonymous_variant	0.142857	0.444444	0.0454545	0.0	0.125	0.1	0.0	0.0833333	0.0454545	0.25	0.138889	0.0714286	0.225	.	.
rs11701298	chr21	36059421	T	C	SETD4	5_prime_UTR_variant	0.675258	0.857143	0.6875	1.0	0.625	0.4	0.75	0.444444	0.75	0.4375	0.625	0.8	0.769231	.	.
rs113287155	chr21	36070865	T	G	AP000688.14	downstream_gene_variant	0.246753	0.625	0.214286	0.5	0.25	0.5	0.0	0.3	0.125	0.4	0.35	0.0714286	0.166667	0.560350	KNL_ZWD
rs13047441	chr21	36147211	C	T	CBR3-AS1	upstream_gene_variant	0.181319	0.5	0.166667	0.25	0.125	0.0	0.0	0.1875	0.1875	0.45	0.0769231	0.166667	0.0833333	.	.
rs137119	chr22	42617230	A	G	POLDIP3	upstream_gene_variant	0.2	0.5	0.166667	0.0	0.375	0.5	0.0	0.277778	0.1	0.0833333	0.214286	0.233333	0.0714286	0.472028	NGI_ZWS
rs2341984	chr3	14486496	T	C	SLC6A6	3_prime_UTR_variant	0.523622	0.833333	0.636364	0.666667	0.375	0.5	0.25	0.5	0.409091	0.5	0.421053	0.547619	0.525	0.436326	KNL_NGH
rs4685165	chr3	14486748	C	T	SLC6A6	3_prime_UTR_variant	0.523622	0.833333	0.636364	0.666667	0.375	0.4	0.25	0.5	0.409091	0.5	0.421053	0.547619	0.55	0.436326	KNL_NGH
rs3975401	chr3	151335188	G	A	P2RY12	downstream_gene_variant	0.105263	0.416667	0.0	0.0	0.0	0.125	0.25	0.111111	0.111111	0.0	0.178571	0.0833333	0.0294118	.	.
rs55983424	chr3	184031125	T	C	HTR3D	upstream_gene_variant	0.194444	0.5	0.0	0.166667	0.0	0.0	0.25	0.318182	0.277778	0.111111	0.0	0.307692	0.208333	.	.
rs6600886	chr4	69104017	G	A	UGT2B7	intron_variant	0.59901	0.875	0.375	0.25	0.375	0.25	0.5	0.75	0.722222	0.611111	0.6875	0.633333	0.464286	.	.
rs6600890	chr4	69104248	A	T	UGT2B7	intron_variant	0.191358	0.625	0.0625	0.0	0.166667	0.0	0.5	0.166667	0.277778	0.166667	0.214286	0.214286	0.0416667	.	.
rs1979981	chr5	132266027	G	A	PDLIM4	upstream_gene_variant	0.150538	0.5	0.125	0.25	0.25	0.1	0.25	0.0625	0.1875	0.0714286	0.25	0.0588235	0.0714286	.	.
rs3763011	chr5	151025142	G	A	GPX3	upstream_gene_variant	0.212389	0.5	0.3	0.666667	0.375	0.0	0.0	0.318182	0.1	0.0555556	0.0588235	0.305556	0.157895	0.666120	KNM_SAV
rs2760150	chr6	24477595	T	G	GPLD1	intron_variant	0.158824	0.625	0.111111	0.166667	0.0	0.125	0.25	0.0714286	0.142857	0.166667	0.125	0.176471	0.125	.	.
rs2760149	chr6	24477620	C	T	GPLD1	intron_variant	0.133721	0.5	0.111111	0.166667	0.0	0.25	0.0	0.125	0.214286	0.0625	0.136364	0.117647	0.0416667	.	.
rs9370153	chr6	52833342	G	A	GSTA5	intron_variant	0.408537	0.875	0.3	0.25	0.333333	0.0	0.0	0.45	0.2	0.375	0.307692	0.5	0.5	0.804878	KNL_NGI
rs9382146	chr6	52837287	G	A	GSTA5	intron_variant	0.588	0.888889	0.727273	0.333333	0.375	0.6	0.75	0.708333	0.727273	0.45	0.5	0.547619	0.475	0.505495	KNL_KNM
rs7754751	chr6	52898790	C	T	GSTA3	intron_variant	0.333333	0.6	0.3125	0.333333	0.25	0.5	1.0	0.444444	0.125	0.1875	0.307692	0.321429	0.346154	0.714286	NGH_TZA
rs10755577	chr6	160219462	C	T	SLC22A2	upstream_gene_variant	0.0714286	0.357143	0.111111	0.0	0.166667	0.0	0.0	0.0	0.0	0.0714286	0.0333333	0.0666667	0.0588235	0.368737	KNL_NGY
rs4721651	chr7	2370847	G	A	EIF3B	upstream_gene_variant	0.203488	0.571429	0.142857	0.166667	0.5	0.25	0.25	0.15	0.0833333	0.142857	0.227273	0.0625	0.272727	.	.
rs4719519	chr7	2372133	G	A	EIF3B	upstream_gene_variant	0.6	0.888889	0.611111	0.666667	0.75	0.8	0.75	0.5	0.611111	0.3	0.527778	0.366667	0.815789	.	.
rs2487060	chr9	104862102	T	C	ABCA1	intron_variant	0.073913	0.375	0.166667	0.0	0.0	0.0	0.0	0.0909091	0.0	0.0	0.0588235	0.0555556	0.05	0.387946	KNL_TZB
rs2487061	chr9	104862108	T	C	ABCA1	intron_variant	0.073913	0.333333	0.125	0.0	0.0	0.0	0.0	0.0909091	0.0	0.0	0.0833333	0.0555556	0.05	0.312500	KNL_TZA
rs9333010	chr1	46934656	T	C	CYP4A11	upstream_gene_variant	0.112	0.0	0.363636	0.0	0.125	0.2	0.0	0.0833333	0.15	0.25	0.0526316	0.0714286	0.0526316	0.297168	KNK_KNL
rs737497	chr1	109688970	T	C	AC000032.2	downstream_gene_variant	0.154472	0.333333	0.454545	0.0	0.0	0.0	0.5	0.166667	0.0	0.0	0.0588235	0.214286	0.131579	.	.
rs4148954	chr10	72013844	C	T	CHST3	downstream_gene_variant	0.195	0.333333	0.45	0.0	0.5	0.25	0.25	0.2	0.0714286	0.2	0.233333	0.0625	0.0666667	.	.
rs7108759	chr11	67647174	A	C	AP003385.2	downstream_gene_variant	0.442857	0.333333	0.833333	0.25	0.5	0.4	0.0	0.4	0.4	0.444444	0.40625	0.59375	0.25	.	.
rs61938575	chr12	104591665	G	A	CHST11	intron_variant	0.285714	0.222222	0.5	0.333333	0.375	0.3	0.0	0.318182	0.5625	0.111111	0.289474	0.125	0.315789	0.377212	NGH_TZA
rs11112120	chr12	104591802	G	A	MIR3922	downstream_gene_variant	0.275862	0.222222	0.5	0.333333	0.375	0.3	0.0	0.318182	0.5	0.111111	0.289474	0.131579	0.277778	0.288316	KNK_NGH
rs11112121	chr12	104592187	G	A	MIR3922	downstream_gene_variant	0.131068	0.0555556	0.5	0.0	0.25	0.1	0.0	0.0	0.25	0.0555556	0.107143	0.0789474	0.147059	0.428571	KNK_NGY
rs2027444	chr13	95267380	T	C	ABCC4	intron_variant	0.217949	0.285714	0.6	0.0	0.0	0.0	0.0	0.2	0.1875	0.214286	0.25	0.192308	0.227273	0.554092	KNK_NGI
rs4246329	chr15	100914124	T	C	RP11-66B24.4	downstream_gene_variant	0.117978	0.0	0.416667	0.0	0.5	0.1	0.0	0.05	0.222222	0.0	0.0833333	0.136364	0.115385	0.687500	KNP_TZB
rs28410083	chr16	28620039	A	T	SULT1A1	intron_variant	0.482759	0.571429	0.85	0.5	0.875	0.125	0.5	0.35	0.4	0.222222	0.583333	0.263158	0.6	.	.
rs4888427	chr16	75444549	A	G	TMEM170A	3_prime_UTR_variant	0.316	0.277778	0.6	0.333333	0.375	0.1	0.5	0.125	0.272727	0.15	0.315789	0.428571	0.315789	.	.
rs2161684	chr16	75445255	T	C	TMEM170A	3_prime_UTR_variant	0.364	0.388889	0.590909	0.5	0.375	0.3	0.5	0.125	0.363636	0.15	0.333333	0.428571	0.421053	.	.
rs35683383	chr16	75445379	G	T	TMEM170A	3_prime_UTR_variant	0.35124	0.388889	0.590909	0.5	0.375	0.3	0.5	0.125	0.318182	0.15	0.342105	0.421053	0.375	.	.
rs34996006	chr16	75445536	A	G	TMEM170A	3_prime_UTR_variant	0.327586	0.388889	0.611111	0.25	0.333333	0.125	0.5	0.0909091	0.363636	0.15	0.294118	0.394737	0.375	.	.
rs34904236	chr16	75464355	G	T	TMEM170A	5_prime_UTR_variant	0.239837	0.111111	0.55	0.166667	0.375	0.1	0.5	0.0833333	0.272727	0.1	0.235294	0.35	0.175	.	.
rs11643207	chr16	75464895	C	T	TMEM170A	upstream_gene_variant	0.24	0.2	0.555556	0.0	0.166667	0.125	0.5	0.15	0.25	0.111111	0.21875	0.352941	0.117647	.	.
rs7220464	chr17	7307517	T	G	EIF5A	5_prime_UTR_variant	0.241573	0.416667	0.6	0.0	0.5	0.1	0.25	0.166667	0.111111	0.0833333	0.166667	0.28125	0.269231	.	.
rs2292064	chr17	7314144	T	C	GPS2	splice_region_variant&non_coding_transcript_exon_variant	0.519685	0.722222	0.818182	0.666667	0.625	0.5	0.75	0.375	0.409091	0.45	0.421053	0.547619	0.45	.	.
rs3809811	chr17	7321000	T	C	RP11-542C16.2	upstream_gene_variant	0.520161	0.722222	0.818182	0.666667	0.625	0.5	0.75	0.375	0.4	0.444444	0.416667	0.547619	0.45	.	.
rs9900497	chr17	19714080	G	T	RP11-311F12.1	upstream_gene_variant	0.201031	0.285714	0.444444	0.166667	0.166667	0.0	0.75	0.136364	0.0	0.0	0.230769	0.294118	0.1	.	.
rs2460817	chr19	15659182	A	T	CYP4F3	upstream_gene_variant	0.701149	0.777778	0.9375	0.333333	1.0	0.5	1.0	0.4375	0.4	0.785714	0.769231	0.733333	0.692308	0.569122	KNK_KNM
rs837615	chr19	48863689	T	C	PLEKHA4	upstream_gene_variant	0.178082	0.1	0.5	0.0	0.25	0.166667	1.0	0.277778	0.142857	0.1	0.0909091	0.142857	0.111111	.	.
rs3795968	chr2	200623712	T	C	AOX1	intron_variant	0.159574	0.125	0.5	0.0	0.166667	0.0	0.0	0.181818	0.15	0.0625	0.0714286	0.272727	0.125	0.383449	KNK_SAV
rs2348021	chr2	200624035	A	G	AOX1	intron_variant	0.6	0.555556	0.85	0.833333	0.75	0.6	0.5	0.590909	0.444444	0.7	0.526316	0.666667	0.441176	0.259811	KNK_ZWS
rs2878298	chr3	49368647	T	C	RHOA-IT1	upstream_gene_variant	0.311024	0.166667	0.636364	0.333333	0.375	0.2	0.5	0.416667	0.181818	0.15	0.368421	0.380952	0.15	.	.
rs6797423	chr3	126496287	G	A	UROC1	intron_variant	0.208	0.222222	0.454545	0.666667	0.25	0.25	0.0	0.0909091	0.136364	0.2	0.236842	0.214286	0.075	.	.
rs6932667	chr6	18185179	A	G	KDM1B	upstream_gene_variant	0.148649	0.166667	0.5	0.0	0.0	0.0	0.0	0.111111	0.0	0.125	0.0833333	0.166667	0.25	.	.
rs10255466	chr7	20723421	G	A	ABCB5	intron_variant	0.114407	0.0714286	0.4	0.0	0.0	0.125	0.5	0.125	0.136364	0.111111	0.0588235	0.075	0.0526316	0.600000	KNP_NGH
rs2303931	chr7	151064793	C	A	SLC4A2	downstream_gene_variant	0.265873	0.111111	0.5	0.166667	0.125	0.2	0.25	0.208333	0.272727	0.1	0.394737	0.214286	0.315789	.	.
rs28359501	chr8	18216734	A	T	NAT1	upstream_gene_variant	0.206349	0.166667	0.5	0.333333	0.125	0.1	0.5	0.125	0.227273	0.1	0.138889	0.190476	0.225	0.287004	NGH_TZB
rs2551732	chr8	30680548	T	C	GSR	downstream_gene_variant	0.409091	0.5	0.857143	0.0	0.5	0.25	0.5	0.285714	0.416667	0.416667	0.4375	0.428571	0.25	0.728155	KNK_KNM
rs4930465	chr11	67665008	G	A	ALDH3B2	downstream_gene_variant	0.380208	0.333333	0.5	0.75	0.75	0.375	0.75	0.6	0.5	0.5	0.541667	0.138889	0.117647	0.610710	KNM_ZWS
rs8010483	chr14	24036775	C	T	DHRS4L1	intron_variant	0.28	0.285714	0.15	0.0	0.333333	0.333333	0.75	0.125	0.125	0.285714	0.566667	0.285714	0.192308	.	.
rs35179634	chr14	64950352	C	A	RAB15	missense_variant	0.38983	0.444444	0.181818	0.25	0.375	0.125	0.25	0.7	0.555556	0.388889	0.588235	0.166667	0.4	.	.
rs60562747	chr16	75505355	C	T	RP11-77K12.5	upstream_gene_variant	0.244094	0.277778	0.0	0.0	0.0	0.5	0.25	0.458333	0.0909091	0.2	0.5	0.119048	0.25	.	.
rs56791151	chr16	75505619	A	T	RP11-77K12.5	upstream_gene_variant	0.143617	0.25	0.0	0.0	0.0	0.166667	0.0	0.277778	0.0	0.214286	0.409091	0.0625	0.115385	.	.
rs2306622	chr5	126600670	G	T	PHAX	5_prime_UTR_variant	0.275591	0.444444	0.272727	0.166667	0.125	0.3	0.5	0.291667	0.227273	0.45	0.105263	0.333333	0.25	.	.
rs2306621	chr5	126600689	G	A	PHAX	5_prime_UTR_variant	0.275591	0.444444	0.272727	0.166667	0.125	0.3	0.5	0.291667	0.227273	0.45	0.105263	0.333333	0.25	.	.
rs2306620	chr5	126600707	A	G	PHAX	5_prime_UTR_variant	0.275591	0.444444	0.272727	0.166667	0.125	0.3	0.5	0.291667	0.227273	0.45	0.105263	0.333333	0.25	.	.
rs9700646	chr1	18859766	C	T	TAS1R2	upstream_gene_variant	0.377953	0.5	0.454545	0.333333	0.75	0.5	0.75	0.583333	0.454545	0.45	0.289474	0.0952381	0.325	.	.
rs4917985	chr10	102864315	G	A	BORCS7	3_prime_UTR_variant	0.433071	0.222222	0.409091	0.5	0.0	0.4	0.25	0.375	0.454545	0.5	0.184211	0.833333	0.45	.	.
rs4919691	chr10	102864718	T	G	BORCS7	3_prime_UTR_variant	0.433071	0.222222	0.409091	0.5	0.0	0.4	0.25	0.375	0.454545	0.5	0.184211	0.833333	0.45	.	.
rs17881215	chr10	102869479	G	C	AS3MT	upstream_gene_variant	0.2	0.0555556	0.15	0.0	0.0	0.2	0.0	0.2	0.15	0.166667	0.0882353	0.625	0.15625	.	.
rs3740400	chr10	102869708	T	G	BORCS7	downstream_gene_variant	0.40678	0.222222	0.409091	0.5	0.0	0.3	0.0	0.3	0.388889	0.5	0.138889	0.833333	0.411765	.	.
rs17300741	chr11	64563990	A	G	SLC22A11	upstream_gene_variant	0.122222	0.1	0.1	0.0	0.125	0.3	0.0	0.0	0.0	0.0	0.0833333	0.444444	0.142857	0.388519	TZB_ZWD
rs3742492	chr14	23960089	C	G	DHRS4	intron_variant	0.217213	0.388889	0.272727	0.333333	0.5	0.1	0.25	0.166667	0.111111	0.15	0.0833333	0.447368	0.075	0.443033	KNP_ZWS
rs2745206	chr16	1794589	T	C	IGFALS	upstream_gene_variant	0.666667	0.714286	0.722222	1.0	0.625	0.75	0.75	0.65	0.6875	0.75	0.46875	0.866667	0.454545	.	.
rs129081	chr16	16142082	G	C	ABCC1	3_prime_UTR_variant	0.582353	0.583333	0.75	1.0	0.0	0.0	0.0	0.285714	0.375	0.833333	0.535714	0.923077	0.625	1.000000	KNM_KNP
rs2847164	chr18	694538	G	A	ENOSF1	upstream_gene_variant	0.105691	0.166667	0.0909091	0.166667	0.25	0.0	0.0	0.0416667	0.0454545	0.0	0.0	0.388889	0.0526316	.	.
rs2847604	chr18	706183	C	T	RP11-806L2.6	upstream_gene_variant	0.513393	0.625	0.444444	1.0	0.375	0.1	0.25	0.227273	0.318182	0.4	0.5	0.882353	0.676471	.	.
rs4019753	chr19	15629635	C	A	CYP4F8	splice_region_variant	0.322581	0.285714	0.0714286	1.0	0.333333	0.125	0.0	0.333333	0.611111	0.333333	0.192308	0.6	0.0909091	1.000000	KNM_NGH
rs10418156	chr19	17489248	T	C	SLC27A1	downstream_gene_variant	0.669811	0.571429	1.0	0.666667	0.5	0.625	0.75	0.454545	0.444444	0.714286	0.533333	0.894737	0.722222	0.530398	KNK_KNP
rs10404936	chr19	38587934	T	C	RYR1	downstream_gene_variant	0.300971	0.25	0.3	0.666667	0.125	0.0	0.5	0.3	0.15	0.3125	0.166667	0.625	0.233333	0.636364	NGH_NGI
rs9981642	chr21	45498018	C	T	SLC19A1	downstream_gene_variant	0.603774	0.611111	0.4375	0.833333	0.666667	0.6	0.75	0.545455	0.611111	0.375	0.533333	0.84375	0.588235	0.357672	TZB_ZWD
rs57122389	chr7	92113034	C	A	CYP51A1	3_prime_UTR_variant	0.586614	0.611111	0.409091	0.666667	0.25	0.5	0.5	0.458333	0.409091	0.7	0.657895	0.809524	0.575	0.471447	KNP_ZWD
rs517655	chr11	63362310	A	G	SLC22A10	intron_variant	0.62963	0.625	0.611111	0.333333	0.5	0.75	0.5	0.416667	0.5	0.375	0.8	0.571429	0.892857	.	.
rs2248130	chr2	200602231	C	G	AOX1	intron_variant	0.362205	0.388889	0.136364	0.166667	0.25	0.4	0.5	0.416667	0.5	0.3	0.447368	0.166667	0.55	0.277431	KNK_ZWS
rs9727993	chr1	11781888	T	C	RP11-56N19.5	upstream_gene_variant	0.0808081	0.0	0.0625	0.0	0.0	0.125	0.25	0.357143	0.0	0.125	0.0294118	0.0789474	0.0555556	.	.
rs3935824	chr1	18871355	T	C	ALDH4A1	downstream_gene_variant	0.225806	0.222222	0.2	0.0	0.625	0.1	0.25	0.5	0.272727	0.1	0.210526	0.0789474	0.25	.	.
rs2852431	chr11	114294254	A	G	NNMT	upstream_gene_variant	0.1875	0.3	0.25	0.5	0.0	0.0	0.0	0.5	0.142857	0.25	0.0833333	0.0666667	0.181818	0.555556	KNM_NGI
rs12430600	chr13	51755622	C	T	WDFY2	downstream_gene_variant	0.192	0.0625	0.136364	0.333333	0.0	0.25	0.5	0.5	0.181818	0.1	0.184211	0.047619	0.275	.	.
rs2897944	chr13	51755695	G	A	WDFY2	downstream_gene_variant	0.252212	0.111111	0.3	0.25	0.375	0.333333	0.5	0.611111	0.222222	0.15	0.184211	0.125	0.34375	.	.
rs9596572	chr13	51769415	A	G	WDFY2	downstream_gene_variant	0.0929204	0.0	0.0	0.0	0.0	0.1	0.0	0.45	0.1	0.1	0.0555556	0.0238095	0.133333	0.455517	NGY_ZWD
rs2306606	chr19	41010277	C	T	CYP2B6	downstream_gene_variant	0.29	0.3	0.35	0.5	0.333333	0.2	0.0	0.590909	0.357143	0.333333	0.178571	0.277778	0.147059	0.500000	KNM_NGH
rs482303	chr21	42271359	G	C	ABCG1	upstream_gene_variant	0.175258	0.357143	0.285714	0.0	0.0	0.125	0.0	0.666667	0.142857	0.1875	0.03125	0.125	0.0666667	0.655457	NGY_SAV
rs1411726156	chr22	23977095	G	C	GSTT2	upstream_gene_variant	0.155738	0.0	0.0	0.0	0.25	0.2	0.5	0.416667	0.15	0.2	0.105263	0.236842	0.0555556	.	.
rs73177046	chr22	46246828	C	A	PPARA	downstream_gene_variant	0.208	0.222222	0.25	0.166667	0.125	0.2	0.5	0.5	0.25	0.1	0.157895	0.166667	0.125	.	.
rs55641018	chr22	46247126	A	C	CDPF1	missense_variant	0.212	0.222222	0.272727	0.25	0.125	0.2	0.5	0.5	0.25	0.1	0.157895	0.166667	0.125	.	.
rs73177049	chr22	46248087	A	C	PPARA	downstream_gene_variant	0.260163	0.222222	0.409091	0.166667	0.25	0.3	0.5	0.583333	0.272727	0.15	0.147059	0.275	0.105263	.	.
rs7291028	chr22	46248539	C	G	CDPF1	upstream_gene_variant	0.208661	0.222222	0.227273	0.166667	0.125	0.2	0.5	0.5	0.272727	0.1	0.157895	0.166667	0.125	.	.
rs75127285	chr3	14510016	T	C	GRIP2	intron_variant	0.261905	0.166667	0.181818	0.666667	0.125	0.2	0.25	0.5	0.1	0.1	0.394737	0.285714	0.2	.	.
rs6789682	chr3	184039025	C	T	HTR3D	3_prime_UTR_variant	0.551181	0.5	0.409091	0.5	0.625	0.5	0.5	0.833333	0.5	0.55	0.605263	0.428571	0.6	.	.
rs10807622	chr6	18146955	A	C	TPMT	intron_variant	0.0543478	0.0	0.0	0.0	0.0	0.0	0.5	0.4	0.0	0.0	0.0	0.05	0.15	0.888889	NGH_SAV
rs2749005	chr6	52756635	T	G	GSTA2	intron_variant	0.547872	0.785714	0.4375	0.0	0.5	0.4	0.5	0.928571	0.375	0.6	0.583333	0.633333	0.366667	0.859813	KNM_NGY
rs2572024	chr7	99875606	A	G	TRIM4	downstream_gene_variant	0.116667	0.2	0.0	0.0	0.5	0.25	0.0	0.625	0.125	0.0	0.0555556	0.0416667	0.0	.	.
rs2303519	chr8	66456949	C	T	ADHFE1	upstream_gene_variant	0.226891	0.222222	0.1	0.25	0.25	0.5	0.25	0.545455	0.0454545	0.15	0.194444	0.166667	0.263158	0.455522	NGI_TZA
rs7512853	chr1	171282963	C	T	FMO1	downstream_gene_variant	0.450495	0.611111	0.357143	0.0	0.5	0.75	0.25	0.75	0.388889	0.888889	0.366667	0.166667	0.40625	0.827495	KNM_TZB
rs114163835	chr11	113383347	C	A	ANKK1	upstream_gene_variant	0.11811	0.0555556	0.0454545	0.166667	0.125	0.1	0.25	0.25	0.136364	0.4	0.0263158	0.0714286	0.075	.	.
rs12300126	chr12	21373949	T	C	SLCO1A2	intron_variant	0.429293	0.5	0.4375	0.25	0.5	0.0	0.0	0.388889	0.25	0.875	0.366667	0.5	0.388889	.	.
rs4943039	chr13	51908958	T	C	CTAGE3P	non_coding_transcript_exon_variant	0.224409	0.111111	0.409091	0.333333	0.25	0.2	0.25	0.166667	0.272727	0.5	0.131579	0.214286	0.125	.	.
rs1289393	chr13	98712041	T	C	SLC15A1	intron_variant	0.179612	0.166667	0.3125	1.0	0.0	0.0	0.0	0.125	0.1875	0.5	0.2	0.125	0.131579	1.000000	KNM_KNP
rs10130118	chr14	23346200	G	C	SLC22A17	downstream_gene_variant	0.708333	0.428571	0.3125	1.0	0.833333	0.833333	0.75	0.625	0.714286	0.875	0.75	0.8	0.733333	.	.
rs4502210	chr16	69751326	T	A	NOB1	intron_variant	0.113924	0.0833333	0.0	0.0	0.333333	0.25	0.0	0.0833333	0.0	0.5	0.125	0.0	0.107143	.	.
rs7586707	chr2	200652836	A	G	AOX1	intron_variant	0.185567	0.111111	0.25	0.333333	0.625	0.1	0.5	0.05	0.0	0.5	0.125	0.25	0.0714286	0.692308	NGH_TZA
rs1153304	chr21	14288218	T	C	ABCC13	intron_variant	0.564815	0.277778	0.409091	0.333333	0.666667	0.166667	0.75	0.6	0.8	0.916667	0.617647	0.611111	0.5	0.710526	NGI_TZB
rs2279463	chr6	160247357	A	G	SLC22A2	upstream_gene_variant	0.242063	0.277778	0.136364	0.333333	0.375	0.1	0.5	0.208333	0.181818	0.55	0.210526	0.25	0.175	0.309651	NGH_NGI
rs13262930	chr8	27508884	G	C	EPHX2	downstream_gene_variant	0.102273	0.142857	0.0	0.0	0.125	0.1	0.75	0.0555556	0.0714286	0.5	0.0416667	0.0	0.0666667	0.913761	NGH_ZWD
rs3917848	chr1	169590553	A	C	F5	upstream_gene_variant	0.175214	0.0555556	0.0	0.166667	0.25	0.1	0.0	0.125	0.5	0.111111	0.138889	0.289474	0.147059	.	.
rs75207092	chr11	17330791	A	C	NUCB2	upstream_gene_variant	0.395652	0.5	0.181818	0.5	0.375	0.1	0.5	0.25	0.625	0.65	0.555556	0.125	0.529412	.	.
rs1344410	chr11	66366673	A	G	RP11-867G23.8	downstream_gene_variant	0.581633	0.5	0.45	0.833333	0.75	0.875	0.75	0.5625	0.85	0.6	0.366667	0.441176	0.730769	0.342391	SAV_TZA
rs11112118	chr12	104591629	T	C	MIR3922	upstream_gene_variant	0.282609	0.1875	0.45	0.333333	0.375	0.3	0.0	0.363636	0.6	0.111111	0.277778	0.125	0.35	0.423947	TZA_ZWD
rs4646297	chr14	69775276	C	T	SRSF5	downstream_gene_variant	0.592784	0.666667	0.571429	0.333333	1.0	0.6	0.75	0.333333	0.916667	0.55	0.705882	0.470588	0.538462	.	.
rs3742375	chr14	99690887	C	G	RP11-543C4.3	downstream_gene_variant	0.25641	0.428571	0.333333	0.0	0.375	0.2	0.25	0.1	0.55	0.25	0.323529	0.175	0.15	0.353462	KNM_TZA
rs28432380	chr16	55771267	T	C	CES1P1	intron_variant	0.155172	0.142857	0.4	0.0	0.5	0.0	0.25	0.111111	0.428571	0.3	0.0	0.09375	0.0666667	.	.
rs6504677	chr17	50700461	G	A	Y_RNA	downstream_gene_variant	0.633094	0.7	0.846154	0.833333	0.5	0.666667	0.0	0.714286	0.928571	0.166667	0.631579	0.416667	0.772727	.	.
rs11663153	chr18	641024	C	A	CLUL1	upstream_gene_variant	0.203704	0.1875	0.166667	0.0	0.25	0.2	0.0	0.166667	0.444444	0.277778	0.0833333	0.382353	0.0882353	.	.
rs11881793	chr19	15924313	A	G	CYP4F11	intron_variant	0.4625	0.428571	0.454545	0.333333	0.666667	0.7	0.25	0.416667	0.85	0.555556	0.264706	0.452381	0.4	0.483441	SAV_TZA
rs2665587	chr19	48596234	T	C	FAM83E	downstream_gene_variant	0.164706	0.0625	0.0	0.25	0.833333	0.1	0.0	0.125	0.5	0.25	0.0833333	0.115385	0.125	0.881902	KNK_KNP
rs3752268	chr20	46588369	C	T	SLC13A3	upstream_gene_variant	0.162037	0.0	0.25	0.0	0.0	0.2	1.0	0.277778	0.375	0.1875	0.0	0.0526316	0.263158	1.000000	KNL_NGH
rs4685167	chr3	14494694	G	C	GRIP2	intron_variant	0.192308	0.166667	0.136364	0.0	0.5	0.1	0.0	0.0	0.666667	0.25	0.230769	0.125	0.222222	.	.
rs7638680	chr3	14496831	A	C	GRIP2	intron_variant	0.519417	0.571429	0.444444	0.0	0.75	0.125	1.0	0.409091	0.888889	0.357143	0.40625	0.588235	0.59375	.	.
rs956297	chr6	46553602	G	A	CYP39A1	intron_variant	0.12963	0.25	0.111111	0.0	0.166667	0.0	0.0	0.05	0.375	0.25	0.205882	0.047619	0.0555556	0.318506	TZA_ZWD
rs7766006	chr6	159748226	G	T	WTAP	synonymous_variant	0.188976	0.333333	0.181818	0.166667	0.125	0.0	0.5	0.166667	0.409091	0.2	0.0789474	0.285714	0.05	.	.
rs2273818	chr6	159761585	C	T	ACAT2	5_prime_UTR_premature_start_codon_gain_variant	0.188976	0.333333	0.181818	0.166667	0.125	0.0	0.5	0.166667	0.409091	0.2	0.0789474	0.285714	0.05	.	.
rs7803015	chr7	2392508	G	A	AC004840.8	downstream_gene_variant	0.241935	0.285714	0.25	0.0	0.166667	0.0	0.0	0.285714	0.666667	0.277778	0.136364	0.133333	0.235294	.	.
